User_id,User_name,Show_id
1,Alicesmith,s3
2,John,s4
3,Garima,s5
4,Alicesmith,s4
5,Garima,s5
6,William ,s3
7,Jennifer,s4
8,William ,s5
9,Jennifer,s3
10,Amanda,s4
11,Richard,s5
12,Amanda,s5
13,Richard,s3
14,Lili,s4
15,Lili,s5
16,Edward,s3
17,Edward,s4
18,Samuel,s5
19,Joseph,s3
20,Meera,s4
21,Meera,s5
22,Bobby,s5
23,Benny,s3
24,Bobby,s4
25,Benny,s5
26,Mohit,s3
27,rohith,s1
28,Teena,s1
29,Teena,s2
30,Bhumi,s3
31,Meera,s4
32,Meera,s5
33,Bobby,s3
34,Benny,s1
35,Bobby,s2
36,Benny,s3
37,Mohit,s4
38,rohith,s5
39,rohith,s2
40,rohith,s3
41,Richard,s4
42,Lili,s5
43,Lili,s6
44,Edward,s2
45,Edward,s2
46,Samuel,s1
47,Garima,s2
48,Alicesmith,s3
49,Garima,s4
50,William ,s6
51,Jennifer,s7
52,William ,s8
53,Meera,s9
54,Meera,s10
55,Bobby,s11
56,Benny,s12
57,Bobby,s13
58,Benny,s14
59,Mohit,s15
60,rohith,s16
61,rohith,s17
62,Richard,s18
63,Lili,s19
64,Lili,s20
65,Edward,s21
66,Edward,s22
67,Samuel,s23
68,Samuel,s24
69,Samuel,s25
70,Meera,s26
71,Bobby,s27
72,Benny,s28
73,Bobby,s29
74,Benny,s30
75,Mohit,s31
76,rohith,s32
77,Garima,s33
78,Alicesmith,s34
79,Garima,s35
80,William ,s36
81,Jennifer,s37
82,William ,s38
83,Lili,s39
84,Edward,s40
85,Edward,s41
86,Samuel,s42
87,Samuel,s43
88,Samuel,s44
89,Garima,s45
90,Alicesmith,s46
91,Garima,s47
92,William ,s48
93,Jennifer,s49
94,William ,s50
95,William ,s51
96,Richard,s52
97,Lili,s53
98,Lili,s54
99,Edward,s55
100,Edward,s56
101,Samuel,s57
102,Samuel,s58
103,Samuel,s59
104,Samuel,s60
105,Bobby,s61
106,Benny,s62
107,Bobby,s63
108,Benny,s64
109,Mohit,s65
110,rohith,s66
111,Teena,s67
112,Teena,s68
113,Bhumi,s69
114,Bhumi,s70
115,Garima,s71
116,Alicesmith,s72
117,Garima,s73
118,William ,s74
119,Jennifer,s75
120,William ,s76
121,Benny,s77
122,Bobby,s78
123,Benny,s79
124,Mohit,s80
125,rohith,s81
126,Teena,s82
127,Teena,s83
128,Bhumi,s84
129,Bhumi,s85
130,Bobby,s86
131,Benny,s87
132,Bobby,s88
133,Benny,s89
134,Mohit,s90
135,rohith,s91
136,Teena,s92
137,Teena,s93
138,Bhumi,s94
139,Bhumi,s95
140,Bhumi,s96
141,Garima,s97
142,Alicesmith,s98
143,Garima,s99
144,William ,s100
145,Jennifer,s101
146,William ,s102
147,William ,s103
148,William ,s104
149,William ,s105
150,William ,s106
151,Bobby,s107
152,Benny,s108
153,Bobby,s109
154,Benny,s110
155,Mohit,s111
156,rohith,s112
157,Teena,s113
158,Teena,s114
159,Bhumi,s115
160,Bhumi,s116
161,Bhumi,s117
162,Bhumi,s118
163,Bhumi,s119
164,Bhumi,s120
165,Bobby,s121
166,Benny,s122
167,Bobby,s123
168,Benny,s124
169,Mohit,s125
170,rohith,s126
171,Teena,s127
172,Teena,s128
173,Bhumi,s129
174,Bhumi,s130
175,Garima,s131
176,Alicesmith,s132
177,Garima,s133
178,William ,s134
179,Jennifer,s135
180,William ,s136
181,Bobby,s137
182,Benny,s138
183,Bobby,s139
184,Benny,s140
185,Mohit,s141
186,rohith,s142
187,Teena,s143
188,Teena,s144
189,Bhumi,s145
190,Bhumi,s146
191,Bhumi,s147
192,Garima,s148
193,Alicesmith,s149
194,Garima,s150
195,William ,s151
196,Jennifer,s152
197,William ,s153
198,William ,s154
199,William ,s155
200,William ,s156
201,Bobby,s157
202,Benny,s158
203,Bobby,s159
204,Benny,s160
205,Mohit,s161
206,rohith,s162
207,Teena,s163
208,Teena,s164
209,Bhumi,s165
210,Bhumi,s166
211,Garima,s167
212,Alicesmith,s168
213,Garima,s169
214,William ,s170
215,Jennifer,s171
216,William ,s172
217,William ,s173
218,William ,s174
219,Garima,s175
220,Alicesmith,s176
221,Garima,s177
222,William ,s178
223,Jennifer,s179
224,William ,s180
225,William ,s181
226,William ,s182
227,Maria,s183
228,Garima,s184
229,Alicesmith,s185
230,Garima,s186
231,William ,s187
232,Jennifer,s188
233,William ,s189
234,Maria,s190
235,Maria,s191
236,Garima,s192
237,Alicesmith,s193
238,Garima,s194
239,William ,s195
240,Jennifer,s196
241,William ,s197
242,William ,s198
243,William ,s199
244,Garima,s200
245,Alicesmith,s201
246,Garima,s202
247,William ,s203
248,Jennifer,s204
249,William ,s205
250,Jenny,s206
251,Jennifer,s207
252,Jones,s208
253,Jones,s209
254,Kevin,s210
255,Kevin,s211
256,Garima,s212
257,Alicesmith,s213
258,Garima,s214
259,William ,s215
260,Jennifer,s216
261,William ,s217
262,William ,s218
263,William ,s219
264,William ,s220
265,William ,s221
266,William ,s222
267,William ,s223
268,Jennifer,s224
269,William ,s225
270,Jenny,s226
271,Jennifer,s227
272,Jones,s228
273,Jones,s229
274,Kevin,s230
275,Kevin,s231
276,Garima,s232
277,Alicesmith,s233
278,Garima,s234
279,Micky,s235
280,Micky,s236
281,Micky,s237
282,Micky,s238
283,William ,s239
284,Jennifer,s240
285,William ,s241
286,Jenny,s242
287,Jennifer,s243
288,Jones,s244
289,Jones,s245
290,Kevin,s246
291,Kevin,s247
292,Garima,s248
293,Alicesmith,s249
294,Garima,s250
295,Micky,s251
296,Micky,s252
297,Micky,s253
298,Micky,s254
299,William ,s255
300,Jennifer,s256
301,William ,s257
302,Jenny,s258
303,Jennifer,s259
304,Jones,s260
305,Jones,s261
306,Kevin,s262
307,Kevin,s263
308,Garima,s264
309,Alicesmith,s265
310,Garima,s266
311,Garima,s267
312,Garima,s268
313,Garima,s269
314,William ,s270
315,Jennifer,s271
316,William ,s272
317,Jenny,s273
318,Jennifer,s274
319,Jones,s275
320,Jones,s276
321,Kevin,s277
322,Kevin,s278
323,Garima,s279
324,Alicesmith,s280
325,Garima,s281
326,Micky,s282
327,Jennifer,s283
328,William ,s284
329,Jennifer,s285
330,Amanda,s286
331,Richard,s287
332,Amanda,s288
333,Richard,s289
334,Lili,s290
335,Lili,s291
336,Edward,s292
337,Edward,s293
338,Samuel,s294
339,Joseph,s295
340,Meera,s296
341,Meera,s297
342,Jones,s298
343,Jones,s299
344,Kevin,s300
345,Kevin,s301
346,Garima,s302
347,Alicesmith,s303
348,Garima,s304
349,Jennifer,s305
350,William ,s306
351,Jennifer,s307
352,Amanda,s308
353,Richard,s309
354,Amanda,s310
355,Richard,s311
356,Lili,s312
357,Lili,s313
358,Edward,s314
359,Edward,s315
360,Samuel,s316
361,Joseph,s317
362,Meera,s318
363,Meera,s319
364,Jones,s320
365,Kevin,s321
366,Kevin,s322
367,Garima,s323
368,Alicesmith,s324
369,Garima,s325
370,Jennifer,s326
371,William ,s327
372,Jennifer,s328
373,Amanda,s329
374,Richard,s330
375,Amanda,s331
376,Richard,s332
377,Lili,s333
378,Lili,s334
379,Edward,s335
380,Edward,s336
381,Samuel,s337
382,Joseph,s338
383,Meera,s339
384,Meera,s340
385,William ,s341
386,Jennifer,s342
387,William ,s343
388,Jenny,s344
389,Jennifer,s345
390,Jones,s346
391,Jones,s347
392,Kevin,s348
393,Kevin,s349
394,Garima,s350
395,Alicesmith,s351
396,Garima,s352
397,Jennifer,s353
398,William ,s354
399,Jennifer,s355
400,Amanda,s356
401,Richard,s357
402,Amanda,s358
403,Richard,s359
404,Lili,s360
405,Lili,s361
406,Edward,s362
407,Edward,s363
408,Samuel,s364
409,Joseph,s365
410,Meera,s366
411,Meera,s367
412,Jennifer,s368
413,Jones,s369
414,Jones,s370
415,Kevin,s371
416,Kevin,s372
417,Garima,s373
418,Alicesmith,s374
419,Garima,s375
420,Jennifer,s376
421,William ,s377
422,Jennifer,s378
423,Amanda,s379
424,Richard,s380
425,Amanda,s381
426,Richard,s382
427,Lili,s383
428,Lili,s384
429,Edward,s385
430,Edward,s386
431,Samuel,s387
432,Joseph,s388
433,Meera,s389
434,Meera,s390
435,Garima,s391
436,Alicesmith,s392
437,Garima,s393
438,Jennifer,s394
439,William ,s395
440,Jennifer,s396
441,Amanda,s397
442,Richard,s398
443,Amanda,s399
444,Richard,s400
445,Lili,s499
446,Lili,s500
447,Edward,s300
448,Edward,s301
449,Samuel,s302
450,Joseph,s303
451,Meera,s304
452,Meera,s305
453,Jones,s306
454,Kevin,s307
455,Kevin,s308
456,Garima,s309
457,Alicesmith,s310
458,Garima,s311
459,Jennifer,s312
460,William ,s313
461,Jennifer,s314
462,Amanda,s315
463,Richard,s316
464,Amanda,s317
465,Richard,s318
466,Lili,s319
467,Lili,s320
468,Edward,s321
469,Edward,s322
470,Samuel,s301
471,Joseph,s302
472,Meera,s303
473,Meera,s304
474,Jones,s305
475,Kevin,s306
476,Kevin,s307
477,Garima,s308
478,Alicesmith,s309
479,Garima,s310
480,Jennifer,s311
481,William ,s312
482,Jennifer,s313
483,Amanda,s314
484,Richard,s315
485,Amanda,s316
486,Richard,s317
487,Lili,s318
488,Lili,s319
489,Edward,s320
490,Edward,s321
491,Samuel,s322
492,Joseph,s255
493,Meera,s256
494,Meera,s257
495,Kevin,s258
496,Garima,s259
497,Alicesmith,s260
498,Garima,s261
499,Jennifer,s262
500,William ,s263
501,Jennifer,s264
502,Amanda,s265
503,Richard,s266
504,Amanda,s267
505,Richard,s149
506,Lili,s150
507,Lili,s151
508,Edward,s152
509,Edward,s153
510,Samuel,s154
511,Joseph,s155
512,Meera,s156
513,Meera,s157
514,Jones,s158
515,Kevin,s159
516,Kevin,s160
517,Garima,s161
518,Alicesmith,s162
519,Garima,s163
520,Jennifer,s149
521,William ,s150
522,Jennifer,s151
523,Amanda,s152
524,Richard,s153
525,Amanda,s154
526,Richard,s155
527,Lili,s156
528,Lili,s157
529,Edward,s158
530,Edward,s159
531,Samuel,s160
532,Joseph,s161
533,Meera,s162
534,Meera,s163
535,Kevin,s149
536,Garima,s150
537,Alicesmith,s151
538,Garima,s152
539,Jennifer,s153
540,William ,s154
541,Jennifer,s155
542,Amanda,s156
543,Richard,s157
544,Amanda,s158
545,Richard,s159
546,Lili,s160
547,Lili,s161
548,Edward,s162
549,Edward,s163
550,Samuel,s20
